NOME,ID_LATTES,INSTITUICAO
ADRIANA SILVA FRANCA,1719405448685259,e452d709-0e4f-46cb-9449-50dd5310ac81
ADRIANO VILELA BARBOSA,9631335587847579,e452d709-0e4f-46cb-9449-50dd5310ac82
AFONSO HENRIQUES MARTINS,4252822054499857,e452d709-0e4f-46cb-9449-50dd5310ac83
ALBERTO RESENDE DE CONTI,2051626172679059,e452d709-0e4f-46cb-9449-50dd5310ac84
ALDO GIUNTINI DE MAGALHAES,0067684613389384,e452d709-0e4f-46cb-9449-50dd5310ac85
ALESSANDRO FERNANDES MOREIRA,4057226783065944,e452d709-0e4f-46cb-9449-50dd5310ac86
ALEXANDRE DA SILVA SCARI,3174658439791409,e452d709-0e4f-46cb-9449-50dd5310ac87
ALEXANDRE MENDES ABRAO,4498255089432603,e452d709-0e4f-46cb-9449-50dd5310ac88
ALEXANDRE RODRIGUES MESQUITA,1077724744704787,e452d709-0e4f-46cb-9449-50dd5310ac89
ALINE LIMA DA SILVA,2055575791838513,e452d709-0e4f-46cb-9449-50dd5310ac90
ALISSON DUARTE DA SILVA,8954477186445211,e452d709-0e4f-46cb-9449-50dd5310ac91
ALIZEIBEK SALEIMEN NADER,6680501007713686,e452d709-0e4f-46cb-9449-50dd5310ac92
ANA LIDDY CENNI DE CASTRO MAGALHAES,2106034162135390,e452d709-0e4f-46cb-9449-50dd5310ac93
ANA LYDIA REIS DE CASTRO E SILVA,1672411344994463,e452d709-0e4f-46cb-9449-50dd5310ac94
ANA VALERIA CARNEIRO DIAS,6308958998969674,e452d709-0e4f-46cb-9449-50dd5310ac95
ANDERSON LAECIO GALINDO TRINDADE,8327802117531527,e452d709-0e4f-46cb-9449-50dd5310ac96
ANDRE FERREIRA RODRIGUES,7378792485229225,e452d709-0e4f-46cb-9449-50dd5310ac97
ANDRE PAIM LEMOS,2426104312592166,e452d709-0e4f-46cb-9449-50dd5310ac98
ANDREA CHIUCHIARELLI,7377034213834594,e452d709-0e4f-46cb-9449-50dd5310ac99
ANDREA OLIVEIRA SOUZA DA COSTA,9333155021620480,e452d709-0e4f-46cb-9449-50dd5310ac100
ANDREIA BICALHO HENRIQUES,3082875534964549,e452d709-0e4f-46cb-9449-50dd5310ac101
ANTONELLA LOMBARDI COSTA,0382135664206404,e452d709-0e4f-46cb-9449-50dd5310ac102
ANTONIO ANANIAS DE MENDONCA,5371063903159411,e452d709-0e4f-46cb-9449-50dd5310ac103
ANTONIO AUGUSTO TORRES MAIA,4340315896207802,e452d709-0e4f-46cb-9449-50dd5310ac104
ANTONIO DE PADUA BRAGA,1130012055294645,e452d709-0e4f-46cb-9449-50dd5310ac105
ANTONIO FERREIRA AVILA,5032990765950518,e452d709-0e4f-46cb-9449-50dd5310ac106
ANTONIO NEVES DE CARVALHO JUNIOR,9564632907233968,e452d709-0e4f-46cb-9449-50dd5310ac107
ARIEL RODRIGUEZ ARIAS,9828103629165196,e452d709-0e4f-46cb-9449-50dd5310ac108
ARMANDO ALVES NETO,2353554735671514,e452d709-0e4f-46cb-9449-50dd5310ac109
ARMANDO CESAR CAMPOS LAVALL,1249682517601334,e452d709-0e4f-46cb-9449-50dd5310ac110
AUGUSTA CERCEAU ISAAC NETA,2746383155366023,e452d709-0e4f-46cb-9449-50dd5310ac111
BERENICE MENDONCA GONZALEZ,3613716281037848,e452d709-0e4f-46cb-9449-50dd5310ac112
BRAZ DE JESUS CARDOSO FILHO,8287627098176443,e452d709-0e4f-46cb-9449-50dd5310ac113
BRUNO MELO BRENTAN,6400467285537474,e452d709-0e4f-46cb-9449-50dd5310ac114
BRUNO OTAVIO SOARES TEIXEIRA,3345663851115807,e452d709-0e4f-46cb-9449-50dd5310ac115
CAMILA COSTA DE AMORIM AMARAL,9940811381309673,e452d709-0e4f-46cb-9449-50dd5310ac116
CARLOS ALBERTO CIMINI JUNIOR,6773795080923981,e452d709-0e4f-46cb-9449-50dd5310ac117
CARLOS ANDREY MAIA,3301192467372459,e452d709-0e4f-46cb-9449-50dd5310ac118
CARLOS EDUARDO VELASQUEZ CABRERA,6004097335998698,e452d709-0e4f-46cb-9449-50dd5310ac119
CARLOS ERMIDIO FERREIRA CAETANO,2449485622242028,e452d709-0e4f-46cb-9449-50dd5310ac120
CARLOS ROBERTO VENANCIO DE CARVALHO,8646877774382012,e452d709-0e4f-46cb-9449-50dd5310ac121
CARMELA MARIA POLITO BRAGA,8647879466872770,e452d709-0e4f-46cb-9449-50dd5310ac122
CASSIO GONCALVES DO REGO,4951179285879076,e452d709-0e4f-46cb-9449-50dd5310ac123
CESAR ROSSAS MOTA FILHO,1851361200400216,e452d709-0e4f-46cb-9449-50dd5310ac124
CICERO MURTA DINIZ STARLING,4373224058704371,e452d709-0e4f-46cb-9449-50dd5310ac125
CLARYSSON ALBERTO MELLO DA SILVA,3971098531441973,e452d709-0e4f-46cb-9449-50dd5310ac126
CLAUBIA PEREIRA BEZERRA LIMA,1635197498453054,e452d709-0e4f-46cb-9449-50dd5310ac127
CLAUDIO DIAS CAMPOS,0057571397708278,e452d709-0e4f-46cb-9449-50dd5310ac128
CLAUDIO LEITE DE SOUZA,8283044406113169,e452d709-0e4f-46cb-9449-50dd5310ac129
CLAUDIO LUCIO LOPES PINTO,6353099739274913,e452d709-0e4f-46cb-9449-50dd5310ac130
CLAYSSON BRUNO SANTOS VIMIEIRO,0149542794493944,e452d709-0e4f-46cb-9449-50dd5310ac131
CRISTIANE MACHADO PARISI JONOV,4681966333993716,e452d709-0e4f-46cb-9449-50dd5310ac132
CRISTIANO FIORILO DE MELO,3939752694285365,e452d709-0e4f-46cb-9449-50dd5310ac133
CRISTIANO LEITE DE CASTRO,7892966809901738,e452d709-0e4f-46cb-9449-50dd5310ac134
DAGOBERTO BRANDAO SANTOS,9258600363992264,e452d709-0e4f-46cb-9449-50dd5310ac135
DALTON MARTINI COLOMBO,0909961438322138,e452d709-0e4f-46cb-9449-50dd5310ac136
DANIEL BASTOS DE REZENDE,7108307824716996,e452d709-0e4f-46cb-9449-50dd5310ac137
DANIEL MAJUSTE,3762027331221113,e452d709-0e4f-46cb-9449-50dd5310ac138
DANIELLE MEIRELES DE OLIVEIRA,7922082856762693,e452d709-0e4f-46cb-9449-50dd5310ac139
DANILO AMARAL,2408594767683122,e452d709-0e4f-46cb-9449-50dd5310ac140
DANILO BARBOSA MELGES,1901875357681045,e452d709-0e4f-46cb-9449-50dd5310ac141
DANILO IGLESIAS BRANDAO,0819806116588254,e452d709-0e4f-46cb-9449-50dd5310ac142
DAVIES WILLIAM DE LIMA MONTEIRO,9815650569099044,e452d709-0e4f-46cb-9449-50dd5310ac143
DAYANA CRISTINA SILVA GARCIA,1135236639680333,e452d709-0e4f-46cb-9449-50dd5310ac144
DIMAS ALBERTO GAZOLLA PALHARES,5434622485078824,e452d709-0e4f-46cb-9449-50dd5310ac145
DIOGENES CECILIO DA SILVA JUNIOR,9682325877004588,e452d709-0e4f-46cb-9449-50dd5310ac146
DIOGO BATISTA DE OLIVEIRA,2945763901414984,e452d709-0e4f-46cb-9449-50dd5310ac147
DOUGLAS BATISTA MAZZINGHY,6028428212680670,e452d709-0e4f-46cb-9449-50dd5310ac148
EBER JOSE DE ANDRADE PINTO,5066699058781569,e452d709-0e4f-46cb-9449-50dd5310ac149
ECIDINEIA PINTO SOARES DE MENDONCA,4168430474960936,e452d709-0e4f-46cb-9449-50dd5310ac150
EDER DOMINGOS DE OLIVEIRA,2715541858878353,e452d709-0e4f-46cb-9449-50dd5310ac151
EDNA MARIA DE FARIA VIANA,6000983211838155,e452d709-0e4f-46cb-9449-50dd5310ac152
EDUARDO BAUZER MEDEIROS,2148890074356263,e452d709-0e4f-46cb-9449-50dd5310ac153
EDUARDO CHAHUD,2148890074356263,e452d709-0e4f-46cb-9449-50dd5310ac154
EDUARDO COUTINHO DE PAULA,0483537080350101,e452d709-0e4f-46cb-9449-50dd5310ac155
EDUARDO GONTIJO CARRANO,4022838844024162,e452d709-0e4f-46cb-9449-50dd5310ac156
EDUARDO HENRIQUE MARTINS NUNES,6595175997456989,e452d709-0e4f-46cb-9449-50dd5310ac157
EDUARDO JOSE LIMA II,8630634387756536,e452d709-0e4f-46cb-9449-50dd5310ac158
EDUARDO MARQUES ARANTES,3523652954816663,e452d709-0e4f-46cb-9449-50dd5310ac159
EDUARDO MAZONI ANDRADE MARCAL MENDES,9946199988598626,e452d709-0e4f-46cb-9449-50dd5310ac160
EDUARDO ROMEIRO FILHO,2025674118600907,e452d709-0e4f-46cb-9449-50dd5310ac161
ELSON JOSE DA SILVA,2345499859996413,e452d709-0e4f-46cb-9449-50dd5310ac162
ELVIO MOSCI PIANCASTELLI,6713241624755948,e452d709-0e4f-46cb-9449-50dd5310ac163
ERIKA CRISTINA CREN,2263515691905219,e452d709-0e4f-46cb-9449-50dd5310ac164
ESLY FERREIRA DA COSTA JUNIOR,8728185124922423,e452d709-0e4f-46cb-9449-50dd5310ac165
ESTEVAM BARBOSA DE LAS CASAS,6740018257272418,e452d709-0e4f-46cb-9449-50dd5310ac166
FABRICIO JOSE PACHECO PUJATTI,0444544391505503,e452d709-0e4f-46cb-9449-50dd5310ac167
FELICIO BRUZZI BARROS,9765621436381704,e452d709-0e4f-46cb-9449-50dd5310ac168
FERNANDO COTTING,3373558974232568,e452d709-0e4f-46cb-9449-50dd5310ac169
FERNANDO DE OLIVEIRA SOUZA,8069784077217071,e452d709-0e4f-46cb-9449-50dd5310ac170
FERNANDO DO COUTO ROSA ALMEIDA,2303805462606634,e452d709-0e4f-46cb-9449-50dd5310ac171
FERNANDO HENRIQUE SILVEIRA,8184042170674060,e452d709-0e4f-46cb-9449-50dd5310ac172
FERNANDO JOSE DA SILVA MOREIRA,3339235404578187,e452d709-0e4f-46cb-9449-50dd5310ac173
FLAVIO HARA,1332697537862787,e452d709-0e4f-46cb-9449-50dd5310ac174
FRANCISCO CARLOS RODRIGUES,8926711005682256,e452d709-0e4f-46cb-9449-50dd5310ac175
FRANCISCO EUSTAQUIO OLIVEIRA E SILVA,3563298533127201,e452d709-0e4f-46cb-9449-50dd5310ac176
FREDERICO DE CASTRO MAGALHAES,1369483014265141,e452d709-0e4f-46cb-9449-50dd5310ac177
FREDERICO GUALBERTO FERREIRA COELHO,5083061070631233,e452d709-0e4f-46cb-9449-50dd5310ac178
GABRIEL AZEVEDO FOGLI,7946572456202915,e452d709-0e4f-46cb-9449-50dd5310ac179
GERIANE MACEDO ROCHA,2432238859815264,e452d709-0e4f-46cb-9449-50dd5310ac180
GILBERTO RODRIGUES DA SILVA,0651861524869331,e452d709-0e4f-46cb-9449-50dd5310ac181
GIOVANNA MONIQUE ALELVAN,0411796546899865,e452d709-0e4f-46cb-9449-50dd5310ac182
GLASSIO COSTA DE MIRANDA,1329911295021610,e452d709-0e4f-46cb-9449-50dd5310ac183
GUILHERME DE SOUZA PAPINI,8484713679248812,e452d709-0e4f-46cb-9449-50dd5310ac184
GUILHERME VIANNA RAFFO,8001209726245510,e452d709-0e4f-46cb-9449-50dd5310ac185
GUSTAVO FERREIRA SIMOES,0780417870726951,e452d709-0e4f-46cb-9449-50dd5310ac186
GUSTAVO MEDEIROS FREITAS,7498475817486314,e452d709-0e4f-46cb-9449-50dd5310ac187
GUSTAVO MEIRELLES LIMA,0780417870726951,e452d709-0e4f-46cb-9449-50dd5310ac188
HANI CAMILLE YEHIA,5816909391153518,e452d709-0e4f-46cb-9449-50dd5310ac189
HELIO DE ASSIS PEGADO,4122679948024448,e452d709-0e4f-46cb-9449-50dd5310ac190
HENRIQUE RESENDE MARTINS,3365695090552840,e452d709-0e4f-46cb-9449-50dd5310ac191
HERMAN SANDER MANSUR,4327695267566592,e452d709-0e4f-46cb-9449-50dd5310ac192
HERMES AGUIAR MAGALHAES,2691917174187171,e452d709-0e4f-46cb-9449-50dd5310ac193
HERMES CARVALHO,7254461558501100,e452d709-0e4f-46cb-9449-50dd5310ac194
HILTON DE OLIVEIRA MOTA,3276731095088605,e452d709-0e4f-46cb-9449-50dd5310ac195
HOMERO NOGUEIRA GUIMARAES,2824582895791691,e452d709-0e4f-46cb-9449-50dd5310ac196
HORACIO VALADARES DUARTE,5563595978102775,e452d709-0e4f-46cb-9449-50dd5310ac197
HUGO CESAR COELHO MICHEL,9829323491224732,e452d709-0e4f-46cb-9449-50dd5310ac198
IDALMO MONTENEGRO DE OLIVEIRA,7977924397495282,e452d709-0e4f-46cb-9449-50dd5310ac199
IGOR AMARIZ PIRES,9412048303683562,e452d709-0e4f-46cb-9449-50dd5310ac200
IVAN JOSE DA SILVA LOPES,2586046683895112,e452d709-0e4f-46cb-9449-50dd5310ac201
JACQUELINE MARIA FLOR,3528698121388699,e452d709-0e4f-46cb-9449-50dd5310ac202
JAIME ARTURO RAMIREZ,6690275350395550,e452d709-0e4f-46cb-9449-50dd5310ac203
JANIER ARIAS GARCIA,8970295096106835,e452d709-0e4f-46cb-9449-50dd5310ac204
JEFERSON WILIAN DOSSA FERNANDES,7825614402843839,e452d709-0e4f-46cb-9449-50dd5310ac205
JHONATTAN CORDOBA RAMIREZ,3244383817627411,e452d709-0e4f-46cb-9449-50dd5310ac206
JISELA APARECIDA SANTANNA GRECO,0785567283630477,e452d709-0e4f-46cb-9449-50dd5310ac207
JOAO FLAVIO DE FREITAS ALMEIDA,9513742728448307,e452d709-0e4f-46cb-9449-50dd5310ac208
JOAO RICARDO DA MATA SOARES DE SOUZA,2124276108197468,e452d709-0e4f-46cb-9449-50dd5310ac209
JOEL LAGUARDIA CAMPOS REIS,7986103959865475,e452d709-0e4f-46cb-9449-50dd5310ac210
JORGE LUIS ZEGARRA TARQUI,9103961255626430,e452d709-0e4f-46cb-9449-50dd5310ac211
JOSE ELIEVAM BESSA JUNIOR,7793465081027513,e452d709-0e4f-46cb-9449-50dd5310ac212
JOSE GUILHERME COELHO BAETA,8847961357506883,e452d709-0e4f-46cb-9449-50dd5310ac213
JUAN CARLOS CAMPOS RUBIO,9138858373933921,e452d709-0e4f-46cb-9449-50dd5310ac214
JUAN CARLOS HORTA GUTIERREZ,9663121418876516,e452d709-0e4f-46cb-9449-50dd5310ac215
JULIAN CARDOSO ELEUTERIO,5600282923061521,e452d709-0e4f-46cb-9449-50dd5310ac216
JULIANA CALABRIA DE ARAUJO,3412076785602816,e452d709-0e4f-46cb-9449-50dd5310ac217
JULIANA PRIMO BASILIO DE SOUZA,3709085641714948,e452d709-0e4f-46cb-9449-50dd5310ac218
JULIANO DOS SANTOS BECHO,7286887448015240,e452d709-0e4f-46cb-9449-50dd5310ac219
JULIO CEZAR BALARINI,9165727628694730,e452d709-0e4f-46cb-9449-50dd5310ac220
KATIA CECILIA DE SOUZA FIGUEIREDO,9239691775959407,e452d709-0e4f-46cb-9449-50dd5310ac221
LAPO GORI,6318053606036827,e452d709-0e4f-46cb-9449-50dd5310ac222
LASARA FABRICIA RODRIGUES,8208188426851836,e452d709-0e4f-46cb-9449-50dd5310ac223
LAZARO VALENTIM DONADON,3908621527810367,e452d709-0e4f-46cb-9449-50dd5310ac224
LEANDRO CARDOSO,3050651179200249,e452d709-0e4f-46cb-9449-50dd5310ac225
LEANDRO DE ARRUDA SANTOS,8733826299718399,e452d709-0e4f-46cb-9449-50dd5310ac226
LEANDRO LOPES DA SILVA,5512353012652671,e452d709-0e4f-46cb-9449-50dd5310ac227
LEANDRO ROCHA LEMOS,7606825560654664,e452d709-0e4f-46cb-9449-50dd5310ac228
LEANDRO SOARES DE OLIVEIRA,7570834418239102,e452d709-0e4f-46cb-9449-50dd5310ac229
LEISE KELLI DE OLIVEIRA,5700316938245061,e452d709-0e4f-46cb-9449-50dd5310ac230
LENIN MARTINS FERREIRA MORAIS,5037821764463738,e452d709-0e4f-46cb-9449-50dd5310ac231
LEONARDO AMARAL MOZELLI,7574811650429924,e452d709-0e4f-46cb-9449-50dd5310ac232
LEONARDO ANTONIO BORGES TORRES,4968158277224575,e452d709-0e4f-46cb-9449-50dd5310ac233
LUCAS DE SOUZA BATISTA,9418849740691899,e452d709-0e4f-46cb-9449-50dd5310ac234
LUCAS RIBEIRO DOS SANTOS,7548738613859565,e452d709-0e4f-46cb-9449-50dd5310ac235
LUCIANA PEDROSA SALLES,7462102128272989,e452d709-0e4f-46cb-9449-50dd5310ac236
LUCIANO ANTONIO FREZZATO SANTOS,3004375048406723,e452d709-0e4f-46cb-9449-50dd5310ac237
LUCIANO CUNHA DE ARAUJO PIMENTA,1331652492006790,e452d709-0e4f-46cb-9449-50dd5310ac238
LUCIANO DE ERRICO,3146752231696669,e452d709-0e4f-46cb-9449-50dd5310ac239
LUCIANO FERNANDES DE MAGALHAES,7060605465481138,e452d709-0e4f-46cb-9449-50dd5310ac240
LUCIO FABIO DIAS PASSOS,0590470577019037,e452d709-0e4f-46cb-9449-50dd5310ac241
LUCIO FLAVIO DE SOUZA VILLAR,5471267290763315,e452d709-0e4f-46cb-9449-50dd5310ac242
LUIS ANTONIO AGUIRRE,6682146998710900,e452d709-0e4f-46cb-9449-50dd5310ac243
LUIS EUSTAQUIO MOREIRA,9557847163628919,e452d709-0e4f-46cb-9449-50dd5310ac244
LUIZ ANTONIO MELGACO NUNES BRANCO,5845159674319694,e452d709-0e4f-46cb-9449-50dd5310ac245
LUIZ CARLOS SANTOS,5308025844671333,e452d709-0e4f-46cb-9449-50dd5310ac246
LUIZ CLAUDIO MONTEIRO MONTENEGRO,2914959784072001,e452d709-0e4f-46cb-9449-50dd5310ac247
LUIZ HENRIQUE JORGE MACHADO,6648013482914624,e452d709-0e4f-46cb-9449-50dd5310ac248
LUIZ MACHADO,2021890970181321,e452d709-0e4f-46cb-9449-50dd5310ac249
LUIZ RAFAEL PALMIER,0484648966799309,e452d709-0e4f-46cb-9449-50dd5310ac250
LUIZ THEMYSTOKLIZ SANCTOS MENDES,4626724679640182,e452d709-0e4f-46cb-9449-50dd5310ac251
MANUEL NOEL PAUL GEORGES HOUMARD,867330474081944,e452d709-0e4f-46cb-9449-50dd5310ac252
MARCELO ALVES DE SOUZA,3892357668339541,e452d709-0e4f-46cb-9449-50dd5310ac253
MARCELO ARAUJO CAMARA,9784191929558104,e452d709-0e4f-46cb-9449-50dd5310ac254
MARCELO AZEVEDO COSTA,0843501351619189,e452d709-0e4f-46cb-9449-50dd5310ac255
MARCELO CARDOSO,2129811571198724,e452d709-0e4f-46cb-9449-50dd5310ac256
MARCELO FRANCO PORTO,6154592978170837,e452d709-0e4f-46cb-9449-50dd5310ac257
MARCELO GRECO,7953197985531154,e452d709-0e4f-46cb-9449-50dd5310ac258
MARCELO LIBANIO,5168671769851394,e452d709-0e4f-46cb-9449-50dd5310ac259
MARCO ANTONIO DE MENDONCA VECCI,9538829669531950,e452d709-0e4f-46cb-9449-50dd5310ac260
MARCO AURELIO DE SOUZA BIRCHAL,6340987109733541,e452d709-0e4f-46cb-9449-50dd5310ac261
MARCO TULIO CORREA DE FARIA,3169817627188409,e452d709-0e4f-46cb-9449-50dd5310ac262
MARCOS ANTONIO SEVERO MENDES,5124842076897832,e452d709-0e4f-46cb-9449-50dd5310ac263
MARIA AUXILIADORA FORTINI VELOSO,1449297203101166,e452d709-0e4f-46cb-9449-50dd5310ac264
MARIA CARMEN COUTO RIBEIRO,5384062863044885,e452d709-0e4f-46cb-9449-50dd5310ac265
MARIA CECILIA PEREIRA,7154028792368084,e452d709-0e4f-46cb-9449-50dd5310ac266
MARIA CECILIA PEREIRA DE FARIA,0545992342122749,e452d709-0e4f-46cb-9449-50dd5310ac267
MARIA CLARA VIEIRA MARTINS STARLING,5732421311917264,e452d709-0e4f-46cb-9449-50dd5310ac268
MARIA HELENA MURTA VALE,1722309795039441,e452d709-0e4f-46cb-9449-50dd5310ac269
MARIA LUCIA MACHADO DUARTE,076230777409819,e452d709-0e4f-46cb-9449-50dd5310ac270
MARIA TERESA PAULINO AGUILAR,9965276263062241,e452d709-0e4f-46cb-9449-50dd5310ac271
MARYS LENE BRAGA ALMEIDA,6095221702693578,e452d709-0e4f-46cb-9449-50dd5310ac272
MATEUS ANTONIO NOGUEIRA OLIVEIRA,4078230527855978,e452d709-0e4f-46cb-9449-50dd5310ac273
MATHEUS PEREIRA PORTO,4538051688419864,e452d709-0e4f-46cb-9449-50dd5310ac274
MAURICIO CARDOSO DE SOUZA,2834522198832797,e452d709-0e4f-46cb-9449-50dd5310ac275
MAURICIO COVCEVICH BAGATINI,7725527284717963,e452d709-0e4f-46cb-9449-50dd5310ac276
MAX DE CASTRO MAGALHAES,0466940378902617,e452d709-0e4f-46cb-9449-50dd5310ac277
MEINHARD SESSELMANN,7410226395981171,e452d709-0e4f-46cb-9449-50dd5310ac278
MICHEL BESSANI,9450846955939545,e452d709-0e4f-46cb-9449-50dd5310ac279
MICHEL MELO OLIVEIRA,3734951353090143,e452d709-0e4f-46cb-9449-50dd5310ac280
MIRIAM CRISTINA SANTOS AMARAL MORAVIA,1901180413775034,e452d709-0e4f-46cb-9449-50dd5310ac281
NILO DE OLIVEIRA NASCIMENTO,2505780539057327,e452d709-0e4f-46cb-9449-50dd5310ac282
NILSON TADEU RAMOS NUNES,9962287474857833,e452d709-0e4f-46cb-9449-50dd5310ac283
NOEL TORRES JUNIOR,5017904358148825,e452d709-0e4f-46cb-9449-50dd5310ac284
OSCAR RICARDO SANDOVAL RODRIGUEZ,9140603072132053,e452d709-0e4f-46cb-9449-50dd5310ac285
PATRICIA NASCIMENTO PENA,5778873769416387,e452d709-0e4f-46cb-9449-50dd5310ac286
PAULA BAMBERG,5414242263588749,e452d709-0e4f-46cb-9449-50dd5310ac287
PAULO CESAR DE MATOS RODRIGUES,8425618060126915,e452d709-0e4f-46cb-9449-50dd5310ac288
PAULO EUSTAQUIO DE FARIA,8566727057812765,e452d709-0e4f-46cb-9449-50dd5310ac289
PAULO FERNANDO MONTEIRO PALMEIRA,3949117654274914,e452d709-0e4f-46cb-9449-50dd5310ac290
PAULO ROBERTO PEREIRA ANDERY,3463303263991617,e452d709-0e4f-46cb-9449-50dd5310ac291
PAULO VINICIUS TREVIZOLI,0421890550183372,e452d709-0e4f-46cb-9449-50dd5310ac292
PEDRO BASTOS COSTA,9797700814765523,e452d709-0e4f-46cb-9449-50dd5310ac293
PEDRO BENEDITO CASAGRANDE,6024374437993139,e452d709-0e4f-46cb-9449-50dd5310ac294
PEDRO HENRIQUE ALVES CAMPOS,8156174118241403,e452d709-0e4f-46cb-9449-50dd5310ac295
PEDRO HENRIQUE RODRIGUES PEREIRA,4025356034594990,e452d709-0e4f-46cb-9449-50dd5310ac296
PEDRO VIANNA PESSOA DE MENDONCA,7279076182935918,e452d709-0e4f-46cb-9449-50dd5310ac297
PRISCILLA MACEDO MOURA,1049296252030551,e452d709-0e4f-46cb-9449-50dd5310ac298
RAFAEL AUGUSTO MAGALHAES FERREIRA,6498631908423245,e452d709-0e4f-46cb-9449-50dd5310ac299
RAMON PEREIRA DA SILVA,2416743116925706,e452d709-0e4f-46cb-9449-50dd5310ac300
RAONI BARROS BAGNO,8945414898196842,e452d709-0e4f-46cb-9449-50dd5310ac301
RAONI GUERRA LUCAS RAJAO,8230430746330911,e452d709-0e4f-46cb-9449-50dd5310ac302
RAPHAEL NUNES DE OLIVEIRA,0514681655241468,e452d709-0e4f-46cb-9449-50dd5310ac303
RAPHAEL TOBIAS DE VASCONCELOS BARROS,3301350205093398,e452d709-0e4f-46cb-9449-50dd5310ac304
REINALDO MARTINEZ PALHARES,1268773789851994,e452d709-0e4f-46cb-9449-50dd5310ac305
RENAN COLLANTES CANDIA,4502462011499975,e452d709-0e4f-46cb-9449-50dd5310ac306
RENAN FERNANDES KOZAN,6033302219890695,e452d709-0e4f-46cb-9449-50dd5310ac307
RICARDO DE OLIVEIRA DUARTE,8616379159674273,e452d709-0e4f-46cb-9449-50dd5310ac308
RICARDO GERALDO DE SOUSA,2186730487538620,e452d709-0e4f-46cb-9449-50dd5310ac309
RICARDO LUIZ DA SILVA ADRIANO,4249905570348130,e452d709-0e4f-46cb-9449-50dd5310ac310
RICARDO LUIZ UTSCH DE FREITAS PINTO,8396069891881112,e452d709-0e4f-46cb-9449-50dd5310ac311
RICARDO POLEY MARTINS FERREIRA,8593011064159611,e452d709-0e4f-46cb-9449-50dd5310ac312
RICARDO SARAIVA DE CAMARGO,3129215067425344,e452d709-0e4f-46cb-9449-50dd5310ac313
RISIA MAGRIOTIS PAPINI,0718924631584680,e452d709-0e4f-46cb-9449-50dd5310ac314
ROBERTO BRAGA FIGUEIREDO,6044618188125307,e452d709-0e4f-46cb-9449-50dd5310ac315
ROBERTO GALERY,0520572196331194,e452d709-0e4f-46cb-9449-50dd5310ac316
ROBERTO MARCIO DA SILVA,7997560123447909,e452d709-0e4f-46cb-9449-50dd5310ac317
RODNEY REZENDE SALDANHA,6139200689397504,e452d709-0e4f-46cb-9449-50dd5310ac318
RODRIGO BARRETO CALDAS,1350181357119160,e452d709-0e4f-46cb-9449-50dd5310ac319
RODRIGO GUERRA PEIXOTO,1576738771956893,e452d709-0e4f-46cb-9449-50dd5310ac320
RODRIGO LAMBERT OREFICE,4612177644565039,e452d709-0e4f-46cb-9449-50dd5310ac321
RODRIGO MAGALHAES RIBEIRO,9221709718813981,e452d709-0e4f-46cb-9449-50dd5310ac322
RODRIGO RODRIGUES BASTOS,0133737737311686,e452d709-0e4f-46cb-9449-50dd5310ac323
RONDERSON QUEIROZ HILARIO,1850313669616821,e452d709-0e4f-46cb-9449-50dd5310ac324
ROQUE LUIZ DA SILVA PITANGUEIRA,6350941947291905,e452d709-0e4f-46cb-9449-50dd5310ac325
RUDOLF HUEBNER,9514309218273598,e452d709-0e4f-46cb-9449-50dd5310ac326
SAMUEL SILVA PENNA,2922153309101187,e452d709-0e4f-46cb-9449-50dd5310ac327
SAMUEL VIEIRA CONCEICAO,1169359835970569,e452d709-0e4f-46cb-9449-50dd5310ac328
SEBASTIAO SALVADOR REAL PEREIRA,8341384502434540,e452d709-0e4f-46cb-9449-50dd5310ac329
SERGIO LUIZ CABRAL DA SILVA,9157072322949909,e452d709-0e4f-46cb-9449-50dd5310ac330
SIDELMO MAGALHAES SILVA,4356279128408928,e452d709-0e4f-46cb-9449-50dd5310ac331
SIDNEA ELIANE CAMPOS RIBEIRO,7970038040751766,e452d709-0e4f-46cb-9449-50dd5310ac332
SILVERIO VISACRO FILHO,0210093975299031,e452d709-0e4f-46cb-9449-50dd5310ac333
SILVIA MARIA ALVES CORREA OLIVEIRA,0533069759765601,e452d709-0e4f-46cb-9449-50dd5310ac334
SOFIA MARIA CARRATO DINIZ,3233497819592258,e452d709-0e4f-46cb-9449-50dd5310ac335
SONALY CRISTINA REZENDE BORGES DE LIMA,2117243174600970,e452d709-0e4f-46cb-9449-50dd5310ac336
SONIA DENISE FERREIRA ROCHA,4453672540711904,e452d709-0e4f-46cb-9449-50dd5310ac337
SONIA SEGER PEREIRA MERCEDES,5831942962758025,e452d709-0e4f-46cb-9449-50dd5310ac338
TACIANA TOLEDO DE ALMEIDA ALBUQUERQUE,1339985577872129,e452d709-0e4f-46cb-9449-50dd5310ac339
TALITA CAROLINE MIRANDA,7173437103345457,e452d709-0e4f-46cb-9449-50dd5310ac340
TALITA FERNANDA DAS GRACAS SILVA,6530734165103143,e452d709-0e4f-46cb-9449-50dd5310ac341
TANIA LUCIA SANTOS MIRANDA,7581564584573170,e452d709-0e4f-46cb-9449-50dd5310ac342
TELMA CRISTINA FERREIRA FONSECA,3139727297057976,e452d709-0e4f-46cb-9449-50dd5310ac343
THALES ALEXANDRE CARVALHO MAIA,8637504941507702,e452d709-0e4f-46cb-9449-50dd5310ac344
THIAGO DE ALENCAR NEVES,3118146905092616,e452d709-0e4f-46cb-9449-50dd5310ac345
THIAGO RIBEIRO DE OLIVEIRA,1381788664268514,e452d709-0e4f-46cb-9449-50dd5310ac346
TOMAS PERPETUO CORREA,1756649313465152,e452d709-0e4f-46cb-9449-50dd5310ac347
UENDE APARECIDA FIGUEIREDO GOMES,2392105638416116,e452d709-0e4f-46cb-9449-50dd5310ac348
VALTER LUCIO DE PADUA,4627004513196624,e452d709-0e4f-46cb-9449-50dd5310ac349
VEBER AFONSO FIGUEIREDO COSTA,8019969928283008,e452d709-0e4f-46cb-9449-50dd5310ac350
VICENTE TADEU LOPES BUONO,5856832655059418,e452d709-0e4f-46cb-9449-50dd5310ac351
VICTOR COSTA DA SILVA CAMPOS,4812876346444052,e452d709-0e4f-46cb-9449-50dd5310ac352
VICTOR FLORES MENDES,3391963984567917,e452d709-0e4f-46cb-9449-50dd5310ac353
VINICIUS MARIANO GONCALVES,9656383124994957,e452d709-0e4f-46cb-9449-50dd5310ac354
VIRGINIA SAMPAIO TEIXEIRA CIMINELLI,3590884268165249,e452d709-0e4f-46cb-9449-50dd5310ac355
VITOR ANGELO MARIA FERREIRA TORRES,1801633347473015,e452d709-0e4f-46cb-9449-50dd5310ac356
VIVIANE DA SILVA BORGES BARBOSA,2807582351205215,e452d709-0e4f-46cb-9449-50dd5310ac357
VIVIANE SANTOS BIRCHAL,0342014878408861,e452d709-0e4f-46cb-9449-50dd5310ac358
WADAED UTURBEY DA COSTA,4242054820928121,e452d709-0e4f-46cb-9449-50dd5310ac359
WALLACE DO COUTO BOAVENTURA,3671318138854482,e452d709-0e4f-46cb-9449-50dd5310ac360
WALMIR MATOS CAMINHAS,3987548764592597,e452d709-0e4f-46cb-9449-50dd5310ac361
WANDER LUIZ VASCONCELOS,3617697065989200,e452d709-0e4f-46cb-9449-50dd5310ac362
WHITE JOSE DOS SANTOS,6929801431620076,e452d709-0e4f-46cb-9449-50dd5310ac363
WILLIAN MOREIRA DUARTE,0182036855915957,e452d709-0e4f-46cb-9449-50dd5310ac364
WILSON DOS SANTOS FERNANDES,2532451941529446,e452d709-0e4f-46cb-9449-50dd5310ac365
WITOR WOLF,9656544805116765,e452d709-0e4f-46cb-9449-50dd5310ac366